like,pardischarge,parthickness,parporosity,parage,pardelT,parflux,simulation0,chain
-4767898.03928,32664.2117949,5434.7833347,0.0647400954354,11470.8680382,16.3776397868,91.7693067907,4767898.03928,1
