like,pardischarge,parthickness,parporosity,parage,pardelT,parflux,simulation0,chain
6296432.70086,26577.2034069,4010.49209526,0.194015819341,13861.186942,12.1163878734,47.5940744269,6296432.70086,1
