like,pardischarge,parthickness,parporosity,parage,pardelT,parflux,simulation0,chain
-2286772.52722,26405.3550599,4449.71331784,0.0973022753207,13729.9506246,14.9885852491,126.75833222,2286772.52722,1
